Guayaquil, Guayas,C,26
Quito, Pichincha,,
Madrid, Comunidad de Madrid,,
Guayaquil, Guayas,,
Quito, Pichincha,,
Madrid, Comunidad de Madrid,,
Guayaquil, Guayas,C,26
Quito, Pichincha,,
Madrid, Comunidad de Madrid,,
Guayaquil, Guayas,,
Quito, Pichincha,,
Guayaquil, Guayas,,
Quito, Pichincha,,
Madrid, Comunidad de Madrid,,
Guayaquil, Guayas,,
Quito, Pichincha,,
Madrid, Comunidad de Madrid,,
Guayaquil, Guayas,,
Quito, Pichincha,,
Madrid, Comunidad de Madrid,,
Guayaquil, Guayas,,
Quito, Pichincha,,
Madrid, Comunidad de Madrid,,
Guayaquil, Guayas,C,26
Guayaquil, Guayas,C,26
Guayaquil, Guayas,C,26
Guayaquil, Guayas,C,26
Guayaquil, Guayas,,
Quito, Pichincha,,
Madrid, Comunidad de Madrid,,
Guayaquil, Guayas,C,26
Guayaquil, Guayas,C,26
Guayaquil, Guayas,C,26
Guayaquil, Guayas,C,26
Guayaquil, Guayas,C,26
Guayaquil, Guayas,C,26
Guayaquil, Guayas,C,26
Guayaquil, Guayas,24C,25
Quito, Pichincha,14C,10
Madrid, Comunidad de Madrid,15C,15
